{
  "exact_match": 48.23084200567644,
  "f1": 61.451821771390826,
  "total": 10570,
  "missing_predictions": 176
}